,assay_type,organism,target_class,high_activity,activity_category,compound_id,doi
assay_type,1.0,0.0521184321388608,0.38160666449290714,0.029567352985188002,0.0467869502680907,1.0,1.0
organism,0.0521184321388608,1.0,0.03992619629669347,0.03701241346986936,0.055958458897060234,1.0,1.0
target_class,0.38160666449290714,0.03992619629669347,1.0,0.0662375771793009,0.04809867209343443,0.9999999999999998,0.9999999999999999
high_activity,0.029567352985188002,0.03701241346986936,0.06623757717930089,1.0,0.7750678175630397,1.0,1.0
activity_category,0.0467869502680907,0.055958458897060234,0.04809867209343443,0.7750678175630397,1.0,1.0,1.0
compound_id,1.0,1.0,0.9999999999999999,0.9999999999999999,1.0,1.0,1.0
doi,1.0,1.0,1.0,1.0,1.0,1.0,1.0
